<?xml version="1.0" encoding="UTF-8"?>

<!DOCTYPE struts PUBLIC
        "-//Apache Software Foundation//DTD Struts Configuration 2.5//EN"
        "http://struts.apache.org/dtds/struts-2.5.dtd">

<struts>
    <package name="struts" extends="struts-default">
        <action name="add" class="org.ch12.action.UserAction" method="add">
            <!-- 第一种办法解决重复提交最简单,使用重定向 -->
            <!--<result type="redirect">index.jsp</result>-->

            <!-- 第二种办法就是同样使用转发，但是结合令牌的机制解决重复提交 -->
            <!-- struts2提供了令牌的拦截器叫TokenInterceptor,只需要在action中引用-->
            <interceptor-ref name="token"/>
            <!-- 再引用一下默认的拦截器 -->
            <interceptor-ref name="defaultStack"/>
            <!-- 在结果集中配置一个令牌要跳转的页面,这里重定向回add.jsp -->
            <result name="invalid.token" type="redirect">add.jsp</result>
            <result>index.jsp</result>
        </action>
    </package>
</struts>