<?xml version="1.0" encoding="UTF-8"?>

<!DOCTYPE struts PUBLIC
        "-//Apache Software Foundation//DTD Struts Configuration 2.5//EN"
        "http://struts.apache.org/dtds/struts-2.5.dtd">

<struts>
    <!-- 设置编码格式，防止上传的文件名为中文时是乱码 -->
    <constant name="struts.i18n.encoding" value="UTF-8"/>

    <package name="struts" extends="struts-default">
        <!-- 配置上传的拦截器 -->
        <interceptors>
            <interceptor-stack name="myStack">
                <!-- 配置上传的拦截器 -->
                <interceptor-ref name="fileUpload">
                    <!-- 限制上传的文件类型,这里限制为只能上传各种图片类型 -->
                    <!--<param name="allowedTypes">image/bmp,image/png,image/jpg</param>-->
                    <!-- 限制上传文件的大小(单位是字节)-->
                    <!--<param name="maximumSize">20480</param>-->
                </interceptor-ref>
                <!-- 引用默认的拦截器栈 -->
                <interceptor-ref name="defaultStack"/>
            </interceptor-stack>
        </interceptors>

        <action name="upload" class="org.ch10.action.DemoAction" method="upload">
            <!-- 引用拦截器 -->
            <interceptor-ref name="myStack"/>
            <result>index.jsp</result>
        </action>
    </package>
</struts>