<?xml version="1.0" encoding="UTF-8"?>

<!DOCTYPE struts PUBLIC
        "-//Apache Software Foundation//DTD Struts Configuration 2.5//EN"
        "http://struts.apache.org/dtds/struts-2.5.dtd">

<struts>
    <package name="struts" extends="json-default">
        <action name="login" class="org.ch13.action.UserAction" method="login">
            <!-- 配置自定义异常，result对应相应结果集的name属性 -->
            <exception-mapping result="userNotFound" exception="org.ch13.exception.UserNotFoundException"/>
            <result name="success" type="json">
                <param name="root">user</param>
            </result>
            <result name="userNotFound" type="json">
                <!-- 将struts2的exception对象设置为root -->
                <param name="root">exception</param>
            </result>
        </action>
    </package>
</struts>