<?xml version="1.0" encoding="UTF-8"?>

<!DOCTYPE struts PUBLIC
        "-//Apache Software Foundation//DTD Struts Configuration 2.5//EN"
        "http://struts.apache.org/dtds/struts-2.5.dtd">

<struts>
    <package name="struts" extends="struts-default">
        <action name="login" class="org.ch09.action.UserAction" method="login">
            <!-- 链式action，就是转发到一个新的action请求 -->
            <result type="chain">findList</result>
        </action>

        <action name="findList" class="org.ch09.action.UserAction" method="findList">
            <result>iterator.jsp</result>
        </action>
    </package>
</struts>