<?xml version="1.0" encoding="UTF-8"?>

<!DOCTYPE struts PUBLIC
        "-//Apache Software Foundation//DTD Struts Configuration 2.5//EN"
        "http://struts.apache.org/dtds/struts-2.5.dtd">

<struts>
    <package name="struts" extends="json-default">
        <action name="reg" class="org.ch11.action.UserAction" method="reg">
            <!-- 成功跳转的页面 -->
            <result>index.jsp</result>
            <!-- 当有任何错误信息时，通过name="input"指定要跳转的页面进行提示,
             这个input不需要在action中return这个字符串，struts会知道input就是要
             跳转的错误信息提示页面-->
            <result name="input">reg.jsp</result>
        </action>

        <!-- ajax验证 -->
        <action name="ajaxReg" class="org.ch11.action.UserAction" method="reg">
            <result type="json">
                <param name="root">user</param>
            </result>
            <!-- 当有错误消息，返回整个fieldErrors的json对象 -->
            <result name="input" type="json">
                <param name="root">fieldErrors</param>
            </result>
        </action>
    </package>
</struts>