<?xml version="1.0" encoding="UTF-8"?>

<!DOCTYPE struts PUBLIC
        "-//Apache Software Foundation//DTD Struts Configuration 2.5//EN"
        "http://struts.apache.org/dtds/struts-2.5.dtd">

<struts>
  <package name="struts" extends="struts-default" strict-method-invocation="false">
      <action name="login" class="org.ch08.action.UserAction" method="test">
          <result>index.jsp</result>
      </action>

      <action name="vs_*" class="org.ch08.vs.ValueStackDemoAction" method="{1}">
          <result>{1}.jsp</result>
      </action>

  </package>
</struts>