<?xml version="1.0" encoding="UTF-8"?>
<!DOCTYPE struts PUBLIC
        "-//Apache Software Foundation//DTD Struts Configuration 2.5//EN"
        "http://struts.apache.org/dtds/struts-2.5.dtd">
        
<struts>
	<package name="struts" extends="json-default" strict-method-invocation="false">
		<action name="action*" class="org.demo.action.TestAction" method="{1}">
			<!-- 默认就是执行转发 -->
			<result name="forward">index.jsp</result>
			<!-- 重定向 -->
			<result name="redirect" type="redirect">index.jsp</result>
			<!-- 返回json -->
			<result name="json" type="json">
			    <!-- 指定json对象的根节点，
			    如果不指定这个参数，json的默认根节点是当前Action实例,
			    也就是会把整个action实例都序列化成json对象 -->
				<param name="root">user</param>
			</result>
			
			<result name="json2" type="json">
			    <!-- 指定json序列化的根对象 -->
				<param name="root">list</param>
				<!-- 排除不需要的属性,使用excludeProperties
				例如:排除user下面的address集合 -->
				<!-- 结合正则表达式来排除,\[\d+\]\表示集合下的每一个元素,这个元素在这里就是user
				然后".address"就是排除每一个user下的address对象 -->
				<param name="excludeProperties">\[\d+\]\.address</param>
			</result>
		</action>
	</package>
</struts>        
