<?xml version="1.0" encoding="UTF-8"?>

<!DOCTYPE struts PUBLIC
        "-//Apache Software Foundation//DTD Struts Configuration 2.5//EN"
        "http://struts.apache.org/dtds/struts-2.5.dtd">

<struts>
    <!-- 设置编码格式，防止上传的文件名为中文时是乱码 -->
    <constant name="struts.i18n.encoding" value="UTF-8"/>
    <!-- 指定resource资源文件的名称-->
    <constant name="struts.custom.i18n.resources" value="message"/>
    <!-- 设置上传文件的总大小(单位：字节)，默认是10M -->
    <constant name="struts.multipart.maxSize" value="104857600"/>

    <package name="struts" extends="json-default">
        <!-- 配置上传的拦截器 -->
        <interceptors>
            <interceptor-stack name="myStack">
                <!-- 配置上传的拦截器 -->
                <interceptor-ref name="fileUpload">
                    <!-- 限制上传的文件类型,这里限制为只能上传各种图片类型 -->
                    <!--<param name="allowedTypes">image/bmp,image/png,image/jpg,image/jpeg</param>-->
                    <!-- 限制上传文件的大小(单位是字节)-->
                    <!--<param name="maximumSize">2097152</param>-->
                </interceptor-ref>
                <!-- 引用默认的拦截器栈 -->
                <interceptor-ref name="defaultStack"/>
            </interceptor-stack>
        </interceptors>

        <!-- 普通上传 -->
        <action name="upload" class="org.ch10.action.DemoAction" method="upload">
            <!-- 引用拦截器 -->
            <interceptor-ref name="myStack"/>
            <!-- 上传成功后跳转的页面 -->
            <result>index.jsp</result>

            <!-- 上传失败或有错误的提示页面,
            name="input"表示当有错误信息的时候要跳转到的提示页面-->
            <result name="input">upload.jsp</result>
        </action>

        <!-- ajax上传,后台的上传方法是一样的，不同的是result的配置 -->
        <action name="ajaxUpload" class="org.ch10.action.DemoAction" method="upload">
            <!-- 引用拦截器 -->
            <interceptor-ref name="myStack"/>
            <result type="json">
                <param name="root">message</param>
            </result>
            <!-- 使用json结果集类型返回错误信息,用于ajax请求
             struts会将fieldErrors序列化成json对象 -->
            <result name="input" type="json">
                <param name="root">fieldErrors</param>
            </result>
        </action>

        <!-- 文件下载 -->
        <action name="download" class="org.ch10.action.DownloadAction" method="download">
            <!-- 文件下载的结果集类型使用stream，表示一个流 -->
            <result type="stream">
                <!-- 设置一些下载的参数配置 -->
                <!-- contentType表示设置response的响应类型,这里设置为流类型 -->
                <param name="contentType">application/octet-stream</param>
                <!-- contentDisposition指定响应回客户端的下载的文件名,
                ${fileName}引用action中定义的fileName属性-->
                <param name="contentDisposition">attachment;filename="${fileName}"</param>
                <!-- inputName指定action中定义的getXxx方法，去掉get并将首字母改成小写 -->
                <param name="inputName">inputStream</param>
                <!-- 下载文件的缓冲大小(可选) -->
                <param name="bufferSize">4096</param>
            </result>
        </action>
    </package>
</struts>